"시도명(1)","시군구(1)",2019.05,2019.05,2019.05,2019.05,2019.05,2019.05,2019.05,2019.05,2019.05,2019.06,2019.06,2019.06,2019.06,2019.06,2019.06,2019.06,2019.06,2019.06,2019.07,2019.07,2019.07,2019.07,2019.07,2019.07,2019.07,2019.07,2019.07,2019.08,2019.08,2019.08,2019.08,2019.08,2019.08,2019.08,2019.08,2019.08,2019.09,2019.09,2019.09,2019.09,2019.09,2019.09,2019.09,2019.09,2019.09,2019.10,2019.10,2019.10,2019.10,2019.10,2019.10,2019.10,2019.10,2019.10,2019.11,2019.11,2019.11,2019.11,2019.11,2019.11,2019.11,2019.11,2019.11,2019.12,2019.12,2019.12,2019.12,2019.12,2019.12,2019.12,2019.12,2019.12,2020.01,2020.01,2020.01,2020.01,2020.01,2020.01,2020.01,2020.01,2020.01,2020.02,2020.02,2020.02,2020.02,2020.02,2020.02,2020.02,2020.02,2020.02,2020.03,2020.03,2020.03,2020.03,2020.03,2020.03,2020.03,2020.03,2020.03,2020.04,2020.04,2020.04,2020.04,2020.04,2020.04,2020.04,2020.04,2020.04,2020.05,2020.05,2020.05,2020.05,2020.05,2020.05,2020.05,2020.05,2020.05,2020.06,2020.06,2020.06,2020.06,2020.06,2020.06,2020.06,2020.06,2020.06,2020.07,2020.07,2020.07,2020.07,2020.07,2020.07,2020.07,2020.07,2020.07,2020.08,2020.08,2020.08,2020.08,2020.08,2020.08,2020.08,2020.08,2020.08,2020.09,2020.09,2020.09,2020.09,2020.09,2020.09,2020.09,2020.09,2020.09,2020.10,2020.10,2020.10,2020.10,2020.10,2020.10,2020.10,2020.10,2020.10,2020.11,2020.11,2020.11,2020.11,2020.11,2020.11,2020.11,2020.11,2020.11,2020.12,2020.12,2020.12,2020.12,2020.12,2020.12,2020.12,2020.12,2020.12,2021.01,2021.01,2021.01,2021.01,2021.01,2021.01,2021.01,2021.01,2021.01,2021.02,2021.02,2021.02,2021.02,2021.02,2021.02,2021.02,2021.02,2021.02,2021.03,2021.03,2021.03,2021.03,2021.03,2021.03,2021.03,2021.03,2021.03,2021.04,2021.04,2021.04,2021.04,2021.04,2021.04,2021.04,2021.04,2021.04,2021.05,2021.05,2021.05,2021.05,2021.05,2021.05,2021.05,2021.05,2021.05,2021.06,2021.06,2021.06,2021.06,2021.06,2021.06,2021.06,2021.06,2021.06,2021.07,2021.07,2021.07,2021.07,2021.07,2021.07,2021.07,2021.07,2021.07,2021.08,2021.08,2021.08,2021.08,2021.08,2021.08,2021.08,2021.08,2021.08,2021.09,2021.09,2021.09,2021.09,2021.09,2021.09,2021.09,2021.09,2021.09,2021.10,2021.10,2021.10,2021.10,2021.10,2021.10,2021.10,2021.10,2021.10,2021.11,2021.11,2021.11,2021.11,2021.11,2021.11,2021.11,2021.11,2021.11,2021.12,2021.12,2021.12,2021.12,2021.12,2021.12,2021.12,2021.12,2021.12,2022.01,2022.01,2022.01,2022.01,2022.01,2022.01,2022.01,2022.01,2022.01,2022.02,2022.02,2022.02,2022.02,2022.02,2022.02,2022.02,2022.02,2022.02,2022.03,2022.03,2022.03,2022.03,2022.03,2022.03,2022.03,2022.03,2022.03,2022.04,2022.04,2022.04,2022.04,2022.04,2022.04,2022.04,2022.04,2022.04,2022.05,2022.05,2022.05,2022.05,2022.05,2022.05,2022.05,2022.05,2022.05,2022.06,2022.06,2022.06,2022.06,2022.06,2022.06,2022.06,2022.06,2022.06,2022.07,2022.07,2022.07,2022.07,2022.07,2022.07,2022.07,2022.07,2022.07,2022.08,2022.08,2022.08,2022.08,2022.08,2022.08,2022.08,2022.08,2022.08,2022.09,2022.09,2022.09,2022.09,2022.09,2022.09,2022.09,2022.09,2022.09,2022.10,2022.10,2022.10,2022.10,2022.10,2022.10,2022.10,2022.10,2022.10,2022.11,2022.11,2022.11,2022.11,2022.11,2022.11,2022.11,2022.11,2022.11,2022.12,2022.12,2022.12,2022.12,2022.12,2022.12,2022.12,2022.12,2022.12,2023.01,2023.01,2023.01,2023.01,2023.01,2023.01,2023.01,2023.01,2023.01,2023.02,2023.02,2023.02,2023.02,2023.02,2023.02,2023.02,2023.02,2023.02,2023.03,2023.03,2023.03,2023.03,2023.03,2023.03,2023.03,2023.03,2023.03,2023.04,2023.04,2023.04,2023.04,2023.04,2023.04,2023.04,2023.04,2023.04,2023.05,2023.05,2023.05,2023.05,2023.05,2023.05,2023.05,2023.05,2023.05,2023.06,2023.06,2023.06,2023.06,2023.06,2023.06,2023.06,2023.06,2023.06,2023.07,2023.07,2023.07,2023.07,2023.07,2023.07,2023.07,2023.07,2023.07,2023.08,2023.08,2023.08,2023.08,2023.08,2023.08,2023.08,2023.08,2023.08,2023.09,2023.09,2023.09,2023.09,2023.09,2023.09,2023.09,2023.09,2023.09,2023.10,2023.10,2023.10,2023.10,2023.10,2023.10,2023.10,2023.10,2023.10,2023.11,2023.11,2023.11,2023.11,2023.11,2023.11,2023.11,2023.11,2023.11,2023.12,2023.12,2023.12,2023.12,2023.12,2023.12,2023.12,2023.12,2023.12,2024.01,2024.01,2024.01,2024.01,2024.01,2024.01,2024.01,2024.01,2024.01,2024.02,2024.02,2024.02,2024.02,2024.02,2024.02,2024.02,2024.02,2024.02,2024.03,2024.03,2024.03,2024.03,2024.03,2024.03,2024.03,2024.03,2024.03,2024.04,2024.04,2024.04,2024.04,2024.04,2024.04,2024.04,2024.04,2024.04
"시도명(1)","시군구(1)",승용,승용,승용,승합,승합,승합,화물,화물,화물,승용,승용,승용,승합,승합,승합,화물,화물,화물,승용,승용,승용,승합,승합,승합,화물,화물,화물,승용,승용,승용,승합,승합,승합,화물,화물,화물,승용,승용,승용,승합,승합,승합,화물,화물,화물,승용,승용,승용,승합,승합,승합,화물,화물,화물,승용,승용,승용,승합,승합,승합,화물,화물,화물,승용,승용,승용,승합,승합,승합,화물,화물,화물,승용,승용,승용,승합,승합,승합,화물,화물,화물,승용,승용,승용,승합,승합,승합,화물,화물,화물,승용,승용,승용,승합,승합,승합,화물,화물,화물,승용,승용,승용,승합,승합,승합,화물,화물,화물,승용,승용,승용,승합,승합,승합,화물,화물,화물,승용,승용,승용,승합,승합,승합,화물,화물,화물,승용,승용,승용,승합,승합,승합,화물,화물,화물,승용,승용,승용,승합,승합,승합,화물,화물,화물,승용,승용,승용,승합,승합,승합,화물,화물,화물,승용,승용,승용,승합,승합,승합,화물,화물,화물,승용,승용,승용,승합,승합,승합,화물,화물,화물,승용,승용,승용,승합,승합,승합,화물,화물,화물,승용,승용,승용,승합,승합,승합,화물,화물,화물,승용,승용,승용,승합,승합,승합,화물,화물,화물,승용,승용,승용,승합,승합,승합,화물,화물,화물,승용,승용,승용,승합,승합,승합,화물,화물,화물,승용,승용,승용,승합,승합,승합,화물,화물,화물,승용,승용,승용,승합,승합,승합,화물,화물,화물,승용,승용,승용,승합,승합,승합,화물,화물,화물,승용,승용,승용,승합,승합,승합,화물,화물,화물,승용,승용,승용,승합,승합,승합,화물,화물,화물,승용,승용,승용,승합,승합,승합,화물,화물,화물,승용,승용,승용,승합,승합,승합,화물,화물,화물,승용,승용,승용,승합,승합,승합,화물,화물,화물,승용,승용,승용,승합,승합,승합,화물,화물,화물,승용,승용,승용,승합,승합,승합,화물,화물,화물,승용,승용,승용,승합,승합,승합,화물,화물,화물,승용,승용,승용,승합,승합,승합,화물,화물,화물,승용,승용,승용,승합,승합,승합,화물,화물,화물,승용,승용,승용,승합,승합,승합,화물,화물,화물,승용,승용,승용,승합,승합,승합,화물,화물,화물,승용,승용,승용,승합,승합,승합,화물,화물,화물,승용,승용,승용,승합,승합,승합,화물,화물,화물,승용,승용,승용,승합,승합,승합,화물,화물,화물,승용,승용,승용,승합,승합,승합,화물,화물,화물,승용,승용,승용,승합,승합,승합,화물,화물,화물,승용,승용,승용,승합,승합,승합,화물,화물,화물,승용,승용,승용,승합,승합,승합,화물,화물,화물,승용,승용,승용,승합,승합,승합,화물,화물,화물,승용,승용,승용,승합,승합,승합,화물,화물,화물,승용,승용,승용,승합,승합,승합,화물,화물,화물,승용,승용,승용,승합,승합,승합,화물,화물,화물,승용,승용,승용,승합,승합,승합,화물,화물,화물,승용,승용,승용,승합,승합,승합,화물,화물,화물,승용,승용,승용,승합,승합,승합,화물,화물,화물,승용,승용,승용,승합,승합,승합,화물,화물,화물,승용,승용,승용,승합,승합,승합,화물,화물,화물,승용,승용,승용,승합,승합,승합,화물,화물,화물,승용,승용,승용,승합,승합,승합,화물,화물,화물,승용,승용,승용,승합,승합,승합,화물,화물,화물,승용,승용,승용,승합,승합,승합,화물,화물,화물,승용,승용,승용,승합,승합,승합,화물,화물,화물
"시도명(1)","시군구(1)",관용,자가용,영업용,관용,자가용,영업용,관용,자가용,영업용,관용,자가용,영업용,관용,자가용,영업용,관용,자가용,영업용,관용,자가용,영업용,관용,자가용,영업용,관용,자가용,영업용,관용,자가용,영업용,관용,자가용,영업용,관용,자가용,영업용,관용,자가용,영업용,관용,자가용,영업용,관용,자가용,영업용,관용,자가용,영업용,관용,자가용,영업용,관용,자가용,영업용,관용,자가용,영업용,관용,자가용,영업용,관용,자가용,영업용,관용,자가용,영업용,관용,자가용,영업용,관용,자가용,영업용,관용,자가용,영업용,관용,자가용,영업용,관용,자가용,영업용,관용,자가용,영업용,관용,자가용,영업용,관용,자가용,영업용,관용,자가용,영업용,관용,자가용,영업용,관용,자가용,영업용,관용,자가용,영업용,관용,자가용,영업용,관용,자가용,영업용,관용,자가용,영업용,관용,자가용,영업용,관용,자가용,영업용,관용,자가용,영업용,관용,자가용,영업용,관용,자가용,영업용,관용,자가용,영업용,관용,자가용,영업용,관용,자가용,영업용,관용,자가용,영업용,관용,자가용,영업용,관용,자가용,영업용,관용,자가용,영업용,관용,자가용,영업용,관용,자가용,영업용,관용,자가용,영업용,관용,자가용,영업용,관용,자가용,영업용,관용,자가용,영업용,관용,자가용,영업용,관용,자가용,영업용,관용,자가용,영업용,관용,자가용,영업용,관용,자가용,영업용,관용,자가용,영업용,관용,자가용,영업용,관용,자가용,영업용,관용,자가용,영업용,관용,자가용,영업용,관용,자가용,영업용,관용,자가용,영업용,관용,자가용,영업용,관용,자가용,영업용,관용,자가용,영업용,관용,자가용,영업용,관용,자가용,영업용,관용,자가용,영업용,관용,자가용,영업용,관용,자가용,영업용,관용,자가용,영업용,관용,자가용,영업용,관용,자가용,영업용,관용,자가용,영업용,관용,자가용,영업용,관용,자가용,영업용,관용,자가용,영업용,관용,자가용,영업용,관용,자가용,영업용,관용,자가용,영업용,관용,자가용,영업용,관용,자가용,영업용,관용,자가용,영업용,관용,자가용,영업용,관용,자가용,영업용,관용,자가용,영업용,관용,자가용,영업용,관용,자가용,영업용,관용,자가용,영업용,관용,자가용,영업용,관용,자가용,영업용,관용,자가용,영업용,관용,자가용,영업용,관용,자가용,영업용,관용,자가용,영업용,관용,자가용,영업용,관용,자가용,영업용,관용,자가용,영업용,관용,자가용,영업용,관용,자가용,영업용,관용,자가용,영업용,관용,자가용,영업용,관용,자가용,영업용,관용,자가용,영업용,관용,자가용,영업용,관용,자가용,영업용,관용,자가용,영업용,관용,자가용,영업용,관용,자가용,영업용,관용,자가용,영업용,관용,자가용,영업용,관용,자가용,영업용,관용,자가용,영업용,관용,자가용,영업용,관용,자가용,영업용,관용,자가용,영업용,관용,자가용,영업용,관용,자가용,영업용,관용,자가용,영업용,관용,자가용,영업용,관용,자가용,영업용,관용,자가용,영업용,관용,자가용,영업용,관용,자가용,영업용,관용,자가용,영업용,관용,자가용,영업용,관용,자가용,영업용,관용,자가용,영업용,관용,자가용,영업용,관용,자가용,영업용,관용,자가용,영업용,관용,자가용,영업용,관용,자가용,영업용,관용,자가용,영업용,관용,자가용,영업용,관용,자가용,영업용,관용,자가용,영업용,관용,자가용,영업용,관용,자가용,영업용,관용,자가용,영업용,관용,자가용,영업용,관용,자가용,영업용,관용,자가용,영업용,관용,자가용,영업용,관용,자가용,영업용,관용,자가용,영업용,관용,자가용,영업용,관용,자가용,영업용,관용,자가용,영업용,관용,자가용,영업용,관용,자가용,영업용,관용,자가용,영업용,관용,자가용,영업용,관용,자가용,영업용,관용,자가용,영업용,관용,자가용,영업용,관용,자가용,영업용,관용,자가용,영업용,관용,자가용,영업용,관용,자가용,영업용,관용,자가용,영업용,관용,자가용,영업용,관용,자가용,영업용,관용,자가용,영업용,관용,자가용,영업용,관용,자가용,영업용,관용,자가용,영업용,관용,자가용,영업용,관용,자가용,영업용,관용,자가용,영업용,관용,자가용,영업용,관용,자가용,영업용,관용,자가용,영업용,관용,자가용,영업용,관용,자가용,영업용
"서울","계",4411,2530595,126543,3693,97368,16652,4001,273385,57072,4444,2529506,126714,3694,96725,17286,4007,272689,57176,4422,2530937,127184,3663,96015,17254,4024,272315,57217,4440,2531727,127399,3666,95459,17325,4036,271412,57285,4496,2533578,127268,3663,95003,17478,4043,270668,57360,4543,2534451,127201,3474,94400,17645,3988,270184,57376,4591,2536568,127016,3472,93859,17611,3992,269720,57435,4590,2538890,127323,3445,93250,17615,3979,269141,57720,4576,2542280,127057,3475,92965,17565,3968,269582,57819,4586,2540857,126079,3485,92398,17481,3987,268992,57773,4507,2543567,125118,3551,91798,17308,4022,269312,57762,4508,2548095,124640,3596,91452,16920,4031,269013,57812,4489,2553895,124526,3595,91020,16715,4029,268785,57802,4536,2562705,124633,3710,90549,16330,4061,268585,57972,4528,2567831,125781,3789,90119,15937,4056,268452,57941,4510,2569281,126010,3767,89658,15625,4052,268623,57826,4546,2572932,125951,3772,89032,15401,4042,269544,57843,4543,2576019,125280,3760,88509,15432,4015,269398,57958,4641,2580570,125216,3740,87964,15412,3969,268864,58018,4607,2582001,125376,3805,87315,15384,3937,267951,58055,4603,2584950,124930,3787,86885,15393,3928,267915,58195,4604,2585332,124147,3792,86425,15354,3925,267313,58162,4515,2586913,124025,3805,85773,15235,3920,267222,58177,4454,2589024,123707,3688,85183,15230,3911,266514,58164,4439,2591628,123534,3711,84738,15213,3902,265764,58383,4507,2594368,123587,3716,84243,15219,3917,265434,58537,4540,2603951,123239,3724,83717,15246,3915,265279,58587,4568,2604675,123252,3722,83253,15197,3907,264838,58706,4546,2608232,123890,3724,82817,15179,3915,264344,58799,4564,2608313,123669,3696,82395,15223,3911,263757,58708,4621,2610063,125295,3709,82024,15152,3924,263821,58831,4646,2609340,126058,3743,81584,15076,3961,263488,58976,4652,2611774,125421,3744,81140,14975,3952,263349,59088,4643,2612710,126267,3768,80783,14991,3930,263107,59095,4649,2614581,126039,3767,80299,15015,3916,262651,59261,4629,2617713,125378,3765,79878,15044,3889,261773,59902,4582,2620310,125755,3760,79542,15079,3878,261456,60086,4585,2622548,126160,3821,79167,15157,3909,261469,60077,4587,2625501,126151,3853,78824,15168,3926,261217,59905,4547,2624990,126835,3886,78469,15190,3922,260783,59796,4544,2627673,126133,3892,78099,15206,3931,260589,59736,4595,2628253,126064,3866,77768,15207,3955,260033,59633,4575,2631527,125599,3824,77458,15232,3950,259617,59561,4770,2633529,125431,3842,77022,15221,3929,259206,59571,4745,2636217,124820,3851,76766,15211,3914,258391,59591,4705,2635938,124098,3852,76373,15185,3897,257113,59609,4746,2638758,124810,3832,75866,15229,3888,253539,59866,4740,2640951,123619,3778,75449,15193,3900,252973,59864,4789,2641796,122455,3828,74989,15162,3929,252310,59900,4712,2644667,122286,3811,74681,15156,3933,251843,60127,4661,2646708,121343,3810,74341,15146,3935,251044,60179,4596,2646750,120746,3732,73899,15089,3929,250156,60297,4585,2649556,120544,3709,73512,15043,3943,249924,60264,4592,2649600,120923,3710,73036,14996,3944,249445,60266,4580,2651052,120070,3738,72616,14920,3965,248975,60306,4638,2652134,119344,3807,72388,14872,3934,248224,60432,4698,2653110,118934,3800,72085,14859,3925,247784,60500,4691,2653703,117930,3794,71854,14881,3909,247777,60419,4701,2653386,117299,3795,71231,14861,3900,246878,60271,4710,2653557,116787,3782,70840,14879,3916,246414,60146
"부산","계",1663,1067186,68593,1259,37281,6115,1640,154336,33268,1667,1068544,69645,1298,37184,6110,1640,154201,33410,1662,1070064,69329,1250,36989,6130,1635,154263,33504,1662,1071268,70187,1253,36855,6149,1630,154258,33551,1659,1072852,71181,1258,36770,6159,1653,154057,33603,1661,1073510,70156,1251,36551,6189,1651,153585,33592,1737,1075568,71643,1253,36371,6212,1632,153406,33596,1737,1077838,73137,1243,36251,6193,1618,153026,33628,1726,1079059,73760,1232,36158,6228,1615,153093,33635,1657,1079563,75165,1231,36081,6223,1614,152924,33617,1668,1079903,76096,1230,35847,6213,1629,152349,33614,1674,1082388,77499,1236,35730,6189,1635,152113,33611,1678,1085671,78294,1243,35625,6177,1636,151928,33535,1681,1089974,79000,1312,35453,6178,1648,151750,33664,1661,1091627,81514,1310,35296,6226,1625,151529,33692,1650,1092950,82097,1314,35212,6211,1625,151321,33630,1667,1095606,82886,1274,35103,6189,1619,151230,33645,1703,1097949,83584,1276,34981,6187,1607,151338,33694,1696,1100834,84144,1273,34843,6174,1594,151422,33755,1671,1103130,84544,1261,34631,6164,1588,151295,33767,1674,1106444,85298,1262,34503,6148,1584,151424,33799,1630,1108550,85543,1261,34360,6099,1589,151504,33832,1634,1110541,86063,1262,34154,6065,1599,151389,33917,1635,1112514,87229,1260,33924,6023,1595,150984,33906,1636,1115297,88777,1280,33759,6001,1596,150570,33985,1668,1117570,90620,1281,33551,5999,1595,150416,34013,1694,1119651,92003,1267,33315,6013,1600,150379,34083,1690,1121550,93000,1271,33182,6004,1590,150450,34126,1653,1120999,94047,1264,33066,6002,1586,150473,34127,1655,1122705,94936,1265,32940,6003,1585,150248,34235,1684,1124594,96528,1268,32802,6002,1593,150283,34332,1769,1126920,98294,1313,32641,6000,1583,150183,34436,1713,1129048,99823,1312,32554,6005,1589,150310,34560,1713,1130958,101619,1300,32464,6010,1584,150664,34710,1664,1132298,103787,1298,32091,6020,1576,150014,34963,1673,1134229,105202,1281,31918,6028,1572,149766,35048,1681,1137022,106159,1277,31745,6026,1572,149646,35052,1691,1139352,107529,1293,31643,6030,1575,149571,35069,1687,1140904,108064,1298,31551,6030,1590,149756,35108,1689,1141451,108885,1286,31420,6045,1588,149887,35138,1688,1142504,110257,1286,31293,6066,1583,150126,35238,1722,1144494,111555,1282,31148,6109,1598,150178,35354,1729,1146022,112919,1278,31027,6108,1605,149980,35370,1754,1146738,114129,1274,30869,6126,1580,149619,35423,1754,1147830,115274,1277,30777,6132,1583,149638,35438,1758,1149580,116175,1278,30629,6168,1575,149897,35447,1769,1151316,117046,1276,30417,6184,1580,149886,35852,1773,1153320,118013,1264,30241,6219,1580,149629,35787,1753,1154423,118867,1293,30126,6225,1603,149552,35864,1772,1156993,118995,1301,29964,6252,1607,149409,35909,1790,1158420,119796,1309,29851,6242,1614,149354,35951,1763,1159341,120607,1298,29714,6225,1613,149300,35979,1748,1161402,121541,1297,29576,6232,1617,149151,36009,1741,1163388,122004,1298,29484,6237,1621,149029,35990,1743,1165687,122577,1277,29341,6214,1616,148966,36012,1741,1167693,122895,1276,29252,6199,1616,148697,36109,1822,1169380,123397,1287,29143,6208,1615,148489,36179,1853,1170096,124031,1287,29050,6215,1613,148372,36144,1869,1171982,124989,1284,28864,6217,1614,148073,36168,1868,1173644,126336,1283,28674,6236,1629,147743,36149
"대구","계",969,957642,23408,892,27484,4190,1314,141784,18996,965,959109,23393,898,27357,4170,1316,141736,19091,954,960448,23456,902,27258,4171,1318,141768,19122,957,962016,23650,857,27175,4156,1315,141836,19140,955,963925,23654,862,27098,4141,1307,141532,19191,970,964599,26448,873,26931,4141,1300,140665,19079,989,966529,27009,872,26845,4143,1331,140629,19051,963,967158,26882,872,26693,4123,1350,140016,19092,964,968401,26939,872,26633,4122,1346,140080,19106,966,968892,26756,871,26538,4110,1330,140054,19123,1060,970852,26546,890,26544,4088,1345,140363,19094,1070,974220,26464,899,26538,4063,1351,140086,18998,1038,975837,26483,893,26287,4049,1374,139006,19056,991,979663,26427,892,26173,4051,1384,138710,19114,985,983786,26513,886,26121,4049,1368,138904,19142,989,990689,26471,907,26056,4043,1376,138851,19122,999,995490,26432,894,26042,4037,1373,138847,19135,998,996089,26237,898,25808,4025,1385,137907,19105,1035,998269,26027,897,25674,4013,1389,137642,19110,1002,1000105,25968,893,25605,4003,1365,137478,19136,1005,1001695,25924,889,25567,3986,1354,137627,19209,968,1002295,25852,889,25518,3985,1354,137759,19220,965,1003440,25934,888,25434,3960,1351,137822,19286,968,1000968,25795,885,25238,3946,1352,137527,19309,967,999399,25885,903,24890,3932,1358,136146,19334,988,1000782,25913,913,24699,3920,1378,135814,19363,986,992899,25956,908,24664,3938,1385,136133,19392,979,993638,26021,905,24598,3925,1379,136209,19395,975,993599,26094,914,24373,3916,1367,135679,19448,974,994088,25908,913,24175,3913,1360,134969,19454,981,994965,25476,915,24093,3926,1361,134860,19514,989,995814,25478,950,24000,3878,1369,134764,19585,994,997376,25573,938,23940,3868,1381,135073,19658,990,998096,25650,940,23838,3852,1373,135464,19766,970,999664,25787,940,23736,3858,1363,135182,19883,973,1001454,25829,940,23591,3854,1362,134927,19948,975,1002345,25999,924,23466,3847,1368,134785,19972,975,1004115,26063,938,23397,3851,1373,134707,19935,983,1006360,26528,939,23288,3848,1372,134875,19984,989,1007550,26795,939,23220,3856,1369,134814,19993,987,1008528,26885,940,23154,3851,1373,135149,20000,1002,1009800,26879,937,23075,3858,1371,135330,20005,1003,1011916,27071,961,23014,3868,1385,135556,20010,999,1012839,27130,972,22960,3852,1386,135310,20040,992,1014289,27438,961,22907,3848,1380,135398,20065,989,1014819,27616,954,22859,3840,1380,135753,20109,1002,1015177,27703,955,22784,3848,1376,135554,20484,1014,1015862,28004,955,22629,3860,1377,135377,20492,1018,1016018,28200,957,22530,3869,1375,135365,20532,1037,1017908,28408,959,22455,3874,1378,135290,20603,1074,1027961,28725,1020,22746,3899,1421,140484,20592,1057,1028356,28896,1032,22681,3895,1419,140217,20623,1064,1029979,29018,1035,22600,3888,1434,140145,20617,1056,1030380,28917,1033,22503,3898,1449,140020,20574,1043,1032296,28999,1028,22418,3889,1456,139900,20666,1063,1033550,28945,1041,22380,3913,1464,139800,20793,1076,1034493,29086,1039,22328,3910,1470,139832,20825,1088,1034742,29043,1041,22273,3901,1469,139829,20845,1117,1034818,29097,1040,22188,3900,1474,139933,20834,1093,1034088,29154,1004,22004,3908,1471,139405,20833
"인천","계",1494,1067409,280321,1052,39715,12752,1254,161773,29923,1512,1069869,284938,1050,39480,12472,1265,161834,30004,1508,1071947,290738,1082,39272,12606,1264,162170,29989,1489,1073020,291160,1092,38990,12701,1261,161940,30119,1489,1075417,291348,1060,38771,12515,1269,161611,30212,1505,1077921,294898,1041,38593,12466,1274,161349,30242,1520,1081096,295725,1026,38349,12560,1285,161123,30296,1545,1084566,297738,1027,38222,12507,1282,160917,30423,1499,1086869,297608,1031,38147,12405,1283,160975,30488,1528,1086864,296197,1038,37958,12323,1298,160721,30520,1557,1089833,297572,1034,37947,12185,1312,160638,30600,1558,1093230,311628,1049,37827,12379,1313,160671,30592,1554,1096722,311511,1046,37738,12284,1323,160738,30585,1535,1100942,313241,1073,37599,12255,1339,159613,30574,1529,1104428,313501,1091,37443,12147,1334,160683,30731,1522,1102815,312498,1094,37258,11984,1330,160477,30749,1535,1105068,310924,1074,37090,11808,1348,160574,30870,1578,1107328,311727,1071,37064,11760,1334,160617,31016,1563,1111308,312146,1059,36938,11710,1320,160752,31186,1569,1115094,309540,1048,36779,11512,1311,160596,31354,1555,1120476,305788,1049,36735,11109,1312,160841,31418,1509,1123261,302318,1048,36541,10862,1305,160650,31489,1507,1126268,299939,1057,36306,10719,1312,160632,31623,1508,1130334,292799,1056,36147,10601,1321,160921,31769,1510,1133666,290078,1071,36010,10437,1330,160597,31897,1556,1137611,288589,1071,35826,10394,1338,160668,32095,1575,1138010,287702,1114,35663,10343,1338,160638,32217,1541,1140776,284796,1109,35440,10253,1333,160609,32318,1534,1143050,276586,1090,35275,9874,1334,160590,32424,1543,1145170,274269,1090,35128,9698,1332,160492,32507,1572,1148149,274063,1096,34959,9597,1343,160488,32716,1625,1153744,271912,1105,34820,9367,1338,160398,32790,1610,1157582,272620,1109,34678,9222,1335,160627,32849,1602,1161252,272311,1110,34572,9142,1338,160784,32908,1582,1166373,271928,1110,34422,9049,1337,160897,33143,1570,1171006,269995,1108,34285,8887,1327,161023,33308,1570,1175072,270124,1100,34106,8801,1333,161509,33303,1571,1179622,268991,1134,33981,8642,1343,161524,33368,1576,1184802,268429,1138,33924,8605,1346,162179,33428,1567,1189056,266545,1126,33798,8540,1350,162721,33531,1590,1193165,262365,1127,33671,8388,1347,163115,33592,1601,1197411,248609,1150,33525,8412,1353,163584,33623,1592,1201795,240153,1150,33411,7937,1353,163480,33698,1609,1205301,236066,1143,33251,7726,1358,163774,33663,1592,1209315,235323,1143,33189,7636,1356,163944,33759,1628,1212175,234181,1143,33109,7593,1358,164098,33916,1622,1215716,232260,1145,32860,7537,1345,164249,34187,1619,1219270,232620,1142,32613,7482,1355,164147,34336,1673,1221233,231697,1134,32404,7376,1362,164172,34430,1688,1225884,235430,1143,32252,7352,1360,163866,34616,1660,1229789,241132,1145,32161,7298,1365,164079,34739,1658,1233407,238363,1179,32078,7229,1360,164205,34817,1657,1237331,237121,1175,31858,7153,1365,164138,34932,1644,1240068,234592,1173,31661,7127,1360,164931,34959,1639,1245086,228714,1176,31608,7073,1358,165682,35054,1642,1249631,228177,1180,31564,7095,1358,165777,35160,1708,1252764,227061,1178,31498,7141,1363,166248,35330,1759,1255546,225886,1168,31456,7147,1369,166387,35326,1734,1257959,225977,1161,31077,7129,1366,165718,35328,1748,1259819,225931,1155,30801,7145,1368,165480,35323
"광주","계",778,536711,15987,602,17710,2549,727,79357,12445,808,537724,15957,582,17664,2547,730,79335,12531,804,539376,15795,589,17605,2543,727,79547,12524,800,540627,15693,590,17515,2544,730,79634,12614,799,541829,15599,598,17464,2537,733,79575,12669,807,542789,15602,595,17407,2530,734,79299,12736,809,543816,15552,604,17329,2555,737,79001,12802,822,544455,15448,608,17302,2543,730,78814,12858,793,545858,15341,604,17305,2535,727,79108,12918,791,546373,15285,598,17272,2520,709,79202,12918,797,548531,15110,599,17282,2489,718,79100,12955,801,550606,15035,598,17251,2495,725,78849,12975,811,552300,14918,589,17171,2485,732,78430,13025,824,554788,14875,601,17107,2469,735,78329,13015,817,556262,14873,605,17122,2459,719,78595,13079,817,556003,14807,595,17066,2462,717,78486,13161,814,558151,14775,597,17062,2431,726,78595,13259,821,558934,14679,588,16989,2427,720,78485,13386,823,560443,14668,595,16962,2419,717,78414,13409,829,561016,14521,597,16934,2409,711,78289,13444,803,562419,14385,595,16905,2385,714,78470,13509,810,562976,14276,594,16869,2381,715,78429,13501,802,563887,14170,594,16874,2381,711,78631,13511,810,564001,14115,592,16694,2364,707,78083,13546,816,564082,14337,605,16518,2369,711,77554,13584,822,565036,14350,603,16348,2360,717,77352,13606,835,565910,14296,599,16177,2351,727,77523,13652,833,567010,14270,599,16069,2347,721,77507,13651,821,568098,14391,609,16047,2340,723,77730,13658,827,569005,14285,597,15997,2344,724,77677,13699,831,570112,14234,597,15935,2352,732,77755,13774,857,571183,14256,597,15892,2355,772,77799,13757,838,572692,14259,604,15882,2355,784,77958,13812,826,573178,14212,616,15837,2351,784,78105,13878,825,574563,14367,609,15752,2347,778,78167,13974,830,575132,14385,605,15551,2352,788,77828,14053,829,575889,14434,593,15397,2393,788,77735,14108,846,577010,14376,614,15304,2358,806,77634,14131,845,578237,14481,601,15269,2374,809,77893,14207,845,579213,14416,600,15257,2346,807,78033,14115,842,580483,14343,604,15201,2343,800,78519,14140,852,581218,14482,604,15134,2342,793,78715,14153,849,582561,14508,603,15121,2340,800,78789,14151,868,583614,14397,602,15076,2318,801,78857,14185,864,584449,14358,602,15078,2315,805,78933,14202,864,585083,14296,595,15048,2314,811,79113,14253,908,586695,14338,596,15001,2313,803,79233,14364,865,587297,14297,598,14857,2317,805,78797,14416,884,587625,14090,598,14772,2312,812,78476,14467,875,588567,14017,601,14680,2308,820,78385,14538,881,589299,14033,609,14619,2313,821,78314,14517,881,589676,14060,618,14530,2314,816,78193,14528,870,591000,13995,608,14468,2319,832,78117,14539,874,591658,13962,607,14389,2316,841,78073,14560,878,593082,13892,608,14361,2317,846,78141,14585,881,593809,13816,607,14339,2315,847,78045,14624,891,594894,13938,608,14315,2303,844,78023,14678,965,595519,13841,604,14271,2295,842,78084,14666,944,596730,13887,603,14262,2282,839,78162,14777,906,596895,13824,603,14132,2291,844,77831,14791
"대전","계",654,544397,14438,552,19005,2177,619,75444,11231,655,544673,14439,549,18902,2171,621,75310,11293,655,545218,14552,536,18816,2171,621,75461,11308,652,545479,14567,532,18704,2167,620,75355,11335,650,546286,14555,534,18611,2172,627,75214,11382,660,546853,14525,533,18506,2180,633,75000,11400,671,547557,14476,533,18426,2176,636,74828,11398,658,548521,14467,530,18327,2170,636,74694,11406,658,549724,14457,531,18297,2168,636,74849,11442,652,550182,14383,529,18310,2165,625,74860,11451,665,552347,14163,528,18291,2165,630,74917,11458,678,553809,14180,529,18201,2153,633,74638,11446,672,555382,14116,529,18032,2152,633,74284,11469,676,557138,13885,543,17967,2150,638,74155,11490,658,558750,13932,534,17967,2146,642,74349,11493,649,558473,13911,535,17937,2150,640,74347,11493,648,560214,13936,537,17881,2147,643,74773,11541,649,560504,14012,533,17667,2142,640,74355,11566,671,561396,14048,532,17515,2159,636,74222,11597,653,562220,14033,536,17560,2166,634,74217,11608,651,563668,14193,536,17589,2164,634,74274,11617,651,563788,14186,537,17507,2164,634,74236,11636,648,564232,14094,535,17431,2156,632,74307,11665,648,565318,14147,537,17393,2155,637,74445,11658,647,564156,14210,546,17000,2152,637,73226,11694,643,564345,14353,537,16811,2144,627,72862,11742,647,565495,14437,536,16765,2147,619,73237,11810,649,566159,14611,536,16745,2146,618,73366,11804,648,567022,14671,546,16673,2143,615,73398,11845,650,567686,14703,546,16528,2142,609,73223,11845,655,568726,14689,548,16434,2138,616,73168,11883,667,569274,14732,567,16437,2127,611,73153,11920,658,570244,14790,557,16371,2131,876,73121,11956,660,570780,14914,556,16309,2130,884,73268,11955,653,571704,15381,555,16188,2138,888,73194,12017,655,573123,15748,555,16030,2143,887,73009,12091,659,574222,16000,556,15915,2156,890,73068,12124,655,575146,16042,566,15844,2159,893,73045,12139,662,576621,16427,565,15765,2158,891,73263,12141,662,577386,16622,565,15712,2160,891,73366,12146,665,578253,16910,567,15602,2171,895,73458,12156,667,578947,17003,568,15535,2189,894,73681,12188,670,580338,17000,563,15485,2192,889,74006,12183,677,581422,16942,567,15423,2173,878,74085,12221,679,582730,17024,563,15384,2172,875,74221,12236,676,583332,17261,560,15344,2193,873,74287,12289,671,583965,17317,562,15186,2200,869,74261,12301,670,584717,17463,558,15071,2216,872,74186,12317,673,585471,17601,559,15013,2216,874,74152,12337,681,586699,18602,552,14949,2206,873,74199,12396,682,587727,19458,565,14929,2228,875,74286,12420,675,587449,20156,554,14765,2228,879,73877,12451,673,588065,21062,559,14678,2229,884,73628,12521,667,588434,21831,558,14591,2239,889,73581,12469,667,589819,23039,560,14542,2235,888,73589,12473,669,590452,24132,563,14513,2228,895,73601,12531,693,591708,25248,561,14483,2232,901,73704,12497,710,592136,25707,557,14488,2235,908,73719,12469,703,592852,26316,549,14299,2245,907,73424,12462,694,593326,26874,548,14142,2259,907,73122,12446
"울산","계",689,462954,7952,439,12869,1989,627,61983,9224,673,463728,7941,441,12818,1989,629,61929,9243,681,464613,7932,444,12795,1994,630,61982,9252,681,465250,7976,445,12736,1992,631,61970,9271,680,466003,7977,436,12716,1993,640,61882,9289,681,466077,7959,438,12668,1996,642,61736,9288,691,466656,8099,433,12634,1994,649,61610,9293,688,467645,8076,430,12617,1996,636,61497,9301,690,468669,7954,430,12615,1986,639,61557,9293,690,468688,7947,431,12592,1986,645,61621,9301,690,469752,7928,424,12566,1981,649,61719,9328,686,470633,7924,429,12502,1979,647,61494,9310,694,471539,7906,429,12461,1955,644,61415,9309,689,473321,8169,443,12419,1945,645,61432,9351,684,475284,8185,448,12409,1943,644,61552,9344,683,475282,8179,451,12315,1946,643,61361,9350,681,475837,8168,452,12252,1938,646,61285,9369,675,476222,8190,444,12191,1940,644,61182,9393,696,477244,8149,446,12191,1936,640,61182,9405,703,478098,8158,452,12148,1927,639,61146,9428,687,479638,8059,448,12133,1923,639,61230,9440,686,480060,8065,448,12107,1925,640,61322,9433,685,480878,8006,447,12073,1924,645,61553,9437,698,481163,7963,447,11978,1916,643,61332,9463,703,481073,7948,460,11861,1919,642,60915,9486,706,481494,7951,458,11801,1923,639,60663,9508,706,482028,7959,461,11784,1922,637,60773,9528,705,482160,7927,463,11728,1921,639,60785,9543,702,482450,7933,466,11683,1918,641,60839,9565,703,482966,7920,470,11654,1916,640,60772,9577,713,483964,7842,473,11631,1913,643,60804,9598,720,484553,7844,479,11584,1920,635,60816,9610,717,485475,7844,482,11542,1918,637,60897,9639,715,486009,7871,483,11515,1911,637,61035,9645,716,486262,7911,485,11413,1917,632,61091,9694,711,486483,7904,482,11316,1925,635,60999,9738,716,486909,7909,474,11235,1924,634,60958,9778,710,487508,7914,485,11229,1932,638,61020,9821,711,488046,7546,487,11192,1935,643,61303,9828,714,488154,7523,483,11159,1938,645,61438,9818,719,488626,7457,484,11099,1937,645,61683,9844,728,489264,7455,488,11069,1941,648,61787,9857,732,490186,7425,490,11053,1944,649,61896,9876,733,490607,7373,492,11022,1931,632,61898,9909,734,492167,7342,493,11003,1934,633,62043,9931,727,493363,7325,495,10981,1931,635,62481,9956,736,494585,7299,495,10888,1944,634,62341,10143,736,495661,7410,491,10828,1958,638,62280,10155,733,496472,7383,495,10799,1954,640,62314,10173,736,497550,7383,498,10757,1951,643,62486,10236,732,497971,7417,496,10722,1950,651,62651,10235,733,498341,7463,502,10709,1940,654,62575,10255,734,498946,7443,498,10671,1935,658,62491,10261,734,499538,7416,490,10657,1934,661,62603,10241,734,500575,7394,498,10568,1939,654,62686,10266,750,500879,7472,501,10515,1941,655,62604,10320,751,502113,7456,500,10507,1932,648,62708,10326,763,502810,7451,501,10480,1940,650,62808,10338,766,503399,7426,502,10443,1943,653,62777,10360,767,504117,7393,510,10365,1957,654,62710,10346
"세종","계",321,133275,619,151,3793,405,218,14250,1522,320,134389,593,150,3801,405,219,14311,1536,323,135758,591,158,3808,411,221,14338,1530,326,136814,588,161,3838,404,219,14392,1545,328,137817,587,163,3836,403,219,14419,1551,330,139225,610,167,3850,409,220,14465,1562,334,140364,605,168,3855,413,221,14440,1577,334,141324,607,168,3852,419,218,14451,1586,335,142372,609,169,3861,433,219,14529,1595,333,143307,612,168,3874,429,219,14572,1594,339,144227,600,166,3864,431,223,14614,1600,339,144808,517,166,3851,426,223,14633,1604,337,145200,515,166,3810,426,226,14544,1603,336,145635,516,173,3764,426,231,14532,1603,336,146467,516,176,3747,425,230,14616,1604,332,147280,598,175,3727,425,225,14636,1602,333,147982,598,175,3736,423,225,14620,1614,329,149513,622,173,3753,421,225,14683,1623,325,151079,629,171,3752,421,225,14729,1621,325,152377,628,176,3740,428,225,14741,1622,325,153699,634,177,3737,444,225,14817,1625,324,154680,632,178,3722,445,229,14854,1628,324,155593,633,181,3732,456,236,14951,1635,321,156121,654,183,3713,459,241,14869,1642,319,156636,714,183,3683,462,247,14780,1652,321,157244,734,182,3679,459,247,14746,1653,323,158035,749,186,3638,470,246,14777,1657,323,158469,788,186,3640,468,245,14754,1661,321,159108,805,186,3604,470,244,14754,1660,322,160133,812,208,3647,472,244,14739,1676,328,160860,840,212,3643,468,246,14715,1683,335,162159,856,218,3643,471,246,14737,1683,336,163627,858,218,3656,467,245,14818,1696,337,164601,860,219,3677,466,245,14862,1712,343,165282,876,219,3664,466,245,14932,1736,345,165955,912,221,3648,452,245,14892,1749,347,166635,923,219,3627,462,247,14892,1756,348,167193,998,233,3636,458,253,14890,1769,349,167833,1011,232,3622,470,253,14960,1776,345,168183,1030,234,3616,469,257,14982,1789,345,168561,1085,234,3607,468,257,15006,1791,345,169044,1074,220,3580,467,257,14986,1801,346,169645,1140,221,3565,468,257,14972,1811,342,170149,1145,221,3550,480,255,14942,1816,341,170928,1157,222,3528,479,256,14983,1823,342,171646,1150,224,3510,464,259,15005,1835,344,172323,1082,244,3515,461,258,15068,1850,345,172708,1087,236,3489,464,253,15057,1859,353,172890,1083,237,3470,473,259,15051,1877,353,173287,1099,241,3459,473,259,15069,1893,350,173491,1091,241,3456,481,259,15135,1891,352,173478,1089,247,3424,488,256,15091,1910,351,173734,1100,247,3416,499,258,15064,1922,351,173956,1099,248,3391,492,259,15081,1922,350,174174,1092,249,3377,502,257,15090,1936,349,174359,1134,249,3364,502,257,15096,1963,354,174856,1129,247,3347,502,261,15084,1965,353,175327,1127,248,3346,512,261,15078,1977,354,175912,1078,251,3351,504,259,15112,1968,358,175988,1085,248,3330,522,259,15112,1973
"경기","계",7051,4558446,75183,4060,179206,32259,5557,683295,110510,7061,4575717,74765,4177,178767,32310,5555,684815,110925,7056,4595174,72716,4153,178299,32152,5534,686349,111255,7063,4609933,72686,4086,177616,32197,5532,686386,111699,7060,4618286,73487,4079,176091,32248,5569,683437,112046,7123,4628295,73002,4061,175104,32294,5571,681595,112504,7224,4643149,72889,4081,174211,32327,5584,681852,112732,7159,4658015,72293,4131,173694,32370,5551,681067,113282,7177,4670232,72182,4131,173366,32482,5582,682010,113674,7137,4673696,71765,4114,172372,32528,5610,680790,113881,7171,4696495,70901,4116,171982,32583,5665,681304,113954,7231,4722145,72158,4128,171861,32569,5679,682330,113913,7219,4746030,71469,4231,171523,32424,5676,683025,114150,7290,4774495,71090,4304,170987,32413,5706,684905,114702,7239,4792695,71037,4280,170608,32392,5675,685096,115112,7235,4805842,70869,4276,170227,32273,5663,685617,115365,7304,4829671,71732,4276,169869,32216,5645,686472,115682,7263,4848137,72043,4277,169098,32258,5645,687480,116217,7321,4868613,71869,4283,168444,32250,5604,688436,116766,7306,4887915,71468,4263,168018,32250,5585,688478,117289,7263,4910582,71056,4257,167895,32189,5583,690907,117768,7274,4925438,70772,4251,167495,32144,5588,691771,117882,7273,4938375,70449,4244,166049,32086,5589,691060,118342,7285,4954640,70246,4211,165249,32032,5578,691654,118673,7275,4969061,70594,4257,164736,32022,5581,691855,119116,7340,4986826,71257,4266,164020,32061,5619,693219,119568,7366,5004417,71331,4274,163569,31987,5637,694727,120158,7374,5018836,73634,4252,162995,31954,5629,696033,120649,7362,5032431,73323,4247,162515,31935,5642,696950,121083,7406,5045617,72678,4252,161917,31777,5629,696721,121586,7484,5060732,72517,4244,161322,31726,5623,697363,122235,7578,5076494,72225,4298,160894,31718,5608,698093,122639,7553,5091285,72979,4310,160639,31670,5623,700160,123004,7544,5100546,72851,4311,160124,31681,5614,701548,123326,7549,5115621,73039,4304,159476,31652,5616,702279,124408,7557,5130800,73599,4267,158879,31595,5626,704127,125421,7557,5144038,73781,4280,158189,31623,5616,705632,125846,7566,5156713,74034,4343,157599,31679,5623,706287,126258,7631,5169467,74605,4345,157084,31675,5642,708980,126614,7661,5174794,74647,4357,156421,31734,5645,710036,127020,7655,5186265,77262,4360,155803,31715,5671,711066,127382,7629,5196239,77997,4355,155291,31773,5703,712518,127716,7659,5211489,77942,4312,154880,31755,5699,713420,128127,7695,5226499,77752,4396,154717,31813,5709,713505,128516,7699,5239959,77178,4386,154255,31778,5709,715491,128912,7653,5248130,76790,4374,153881,31766,5707,716659,129470,7684,5263838,76046,4338,152649,31834,5718,717716,131231,7761,5277717,76988,4323,151805,31865,5722,717515,131829,7846,5288174,77048,4343,151006,31852,5767,717710,132242,7912,5304419,76994,4364,150249,32019,5777,717604,132978,7918,5314291,76778,4355,149546,32011,5762,719404,133389,7893,5319693,76953,4346,148790,32009,5760,718356,133787,7882,5331431,77135,4374,148224,32034,5765,717643,134152,7889,5341003,76913,4347,147445,32055,5790,717103,134279,7900,5356310,79976,4309,147013,31979,5769,717634,134720,7895,5366150,79409,4298,146559,32198,5766,717134,135464,8021,5378167,79682,4320,146076,32169,5756,717950,136115,8034,5385129,79536,4306,145460,32154,5748,718508,136090,8073,5398248,78835,4282,144539,31975,5758,718296,136281,8056,5407192,78340,4275,143155,31964,5757,717301,136166
"강원","계",1793,571252,11931,1468,24959,3230,2329,144928,8221,1800,572812,11980,1512,24911,3244,2351,145333,8301,1786,574543,12049,1492,24867,3241,2364,145776,8316,1786,576153,12096,1496,24862,3242,2371,146104,8348,1780,577757,12022,1517,24828,3244,2365,146022,8379,1793,577959,12028,1519,24642,3277,2373,145371,8401,1849,579327,12036,1521,24538,3286,2389,145085,8403,1838,580566,11973,1511,24473,3285,2411,145013,8438,1835,582260,11985,1515,24464,3279,2414,145393,8452,1777,583136,11955,1518,24436,3278,2424,145619,8434,1794,584400,11932,1509,24296,3254,2456,145527,8413,1812,586252,11862,1515,24231,3238,2473,145809,8413,1818,588893,11828,1548,24212,3236,2491,146155,8420,1829,592408,11766,1570,24203,3227,2488,146671,8430,1828,595257,11863,1574,24202,3220,2489,147188,8456,1818,596789,11837,1575,24132,3200,2474,147270,8443,1838,598705,11771,1585,24141,3182,2480,147570,8479,1830,600345,11697,1575,24132,3169,2483,147927,8503,1868,602490,11688,1574,24074,3156,2470,148148,8538,1864,603797,11716,1570,23995,3158,2465,148279,8603,1838,605614,11638,1567,23995,3132,2468,148612,8605,1842,607245,11620,1566,23982,3138,2453,149488,8592,1822,609166,11570,1572,23869,3128,2458,149741,8586,1824,609435,11695,1578,23580,3105,2481,148792,8594,1824,610842,11647,1566,23423,3094,2480,148475,8651,1829,612524,11737,1563,23373,3081,2495,148671,8673,1830,614339,11769,1566,23283,3078,2504,148914,8693,1828,615396,11831,1563,23193,3070,2502,148934,8716,1829,616931,11865,1570,23102,3066,2506,149047,8726,1827,618871,11796,1572,23035,3062,2511,149061,8742,1867,620564,11768,1578,22917,3060,2535,149300,8786,1875,621793,11730,1604,22809,3056,2535,149664,8840,1876,623688,11794,1606,22781,3046,2533,150166,8848,1881,625002,11771,1568,22722,3031,2528,150745,8863,1843,626692,11879,1568,22720,3028,2523,151205,8875,1838,628149,11934,1566,22637,3029,2519,151230,8919,1844,629498,12029,1571,22466,3028,2527,151142,8914,1845,631060,12082,1591,22388,3028,2540,151329,8938,1863,632884,12136,1598,22358,3027,2553,151803,8962,1885,634332,12327,1602,22277,3000,2572,152101,8976,1891,636119,12359,1614,22227,3004,2583,152545,8993,1901,637558,12347,1610,22148,2996,2603,152877,8999,1905,639476,12352,1606,22112,3003,2624,153170,8989,1913,640895,12436,1623,22027,2990,2626,153280,8992,1908,642698,12462,1630,21980,2991,2620,153787,9017,1903,644359,12296,1638,21958,2995,2622,154356,9031,1900,646383,12392,1638,21863,3010,2622,154688,9061,1903,647153,12466,1642,21633,3020,2621,154455,9072,1946,648210,12551,1651,21489,3027,2640,154289,9097,1970,649588,12493,1665,21393,3050,2650,154398,9120,1958,650765,12401,1674,21338,3035,2661,154496,9121,1949,651392,12421,1681,21179,3040,2674,154479,9128,1945,652530,12478,1694,21049,3042,2677,154542,9137,1950,653083,12461,1705,20969,3026,2684,154672,9139,1953,654084,12484,1705,20858,3003,2688,154850,9157,1972,654653,12607,1698,20780,2999,2684,154772,9179,1980,655952,12554,1694,20711,3005,2678,155004,9202,1970,657028,12515,1692,20660,3023,2686,155099,9203,1974,657898,12495,1685,20564,3022,2690,155018,9239,1981,658664,12405,1691,20441,3015,2706,154751,9222
"충북","계",1340,618324,14418,961,26141,3799,1493,142786,13732,1342,619877,14501,966,26071,3790,1503,142980,13790,1340,621739,14735,962,26000,3803,1495,143227,13878,1331,623265,14859,961,25944,3827,1496,143509,13917,1342,624995,14909,971,25934,3811,1506,143589,13956,1353,626525,14994,967,25828,3835,1502,143294,13986,1361,627929,14962,961,25692,3874,1514,142815,14002,1343,629115,14962,968,25515,3860,1517,142215,14026,1346,630537,15020,966,25403,3866,1527,142363,14057,1331,631856,14873,962,25370,3867,1542,142710,14058,1345,636509,14718,965,25240,3820,1557,142643,14025,1354,638399,14752,961,25198,3827,1567,142488,14036,1352,640943,14786,977,25161,3825,1572,142586,14048,1355,644877,14721,984,25180,3823,1587,142872,14088,1342,647201,14913,997,25097,3815,1586,142860,14088,1343,648313,14993,1004,25034,3820,1586,142780,14175,1359,650691,15092,1010,24927,3797,1587,142903,14235,1357,652584,15179,1001,24837,3784,1572,143039,14337,1356,654727,15223,1017,24795,3779,1554,142916,14413,1362,656498,15050,1021,24676,3766,1545,142678,14450,1358,658333,15189,1022,24571,3757,1543,142844,14493,1336,660101,15385,1016,24568,3745,1544,143345,14504,1338,662091,15480,1017,24539,3738,1547,143673,14534,1345,665802,15356,1017,24282,3733,1554,142521,14535,1355,667241,15709,1032,24157,3738,1553,141876,14636,1349,669135,15938,1024,24129,3733,1559,142038,14665,1359,675366,15914,1029,24102,3729,1563,142431,14691,1355,676521,16091,1035,24027,3736,1560,142719,14765,1355,677680,16092,1038,24062,3736,1571,142894,14812,1355,678782,16216,1038,23950,3730,1569,142887,14900,1372,680340,16094,1040,23846,3730,1569,142786,14953,1426,681610,15944,1043,23776,3737,1575,142944,15033,1389,683248,15883,1047,23685,3746,1571,143473,15050,1391,684573,16038,1063,23698,3741,1570,144122,15110,1390,686397,16330,1041,23639,3721,1567,144414,15207,1389,687967,16461,1034,23533,3716,1572,144470,15287,1388,689436,16548,1035,23454,3731,1569,144632,15286,1392,690914,16523,1051,23405,3730,1567,144918,15294,1398,692933,16724,1061,23374,3717,1576,145361,15290,1411,694363,16789,1066,23335,3722,1586,145802,15328,1407,695899,16882,1072,23298,3715,1592,146145,15365,1404,697190,17021,1068,23209,3732,1596,146506,15414,1418,698985,17045,1060,23191,3745,1595,146804,15434,1415,700464,16871,1058,23159,3730,1592,146863,15484,1412,702587,17374,1067,23148,3726,1601,147404,15482,1398,704495,17686,1077,23093,3741,1604,147989,15536,1409,706767,17630,1079,23029,3736,1599,148578,15716,1397,707863,17858,1076,22936,3746,1597,148691,15807,1412,709838,17678,1081,22750,3739,1612,148563,15831,1421,711153,17515,1100,22666,3750,1611,148479,15870,1426,712339,17390,1116,22610,3744,1621,148656,15908,1427,713229,17526,1112,22549,3764,1617,148987,15949,1424,714521,17881,1124,22455,3752,1620,148990,15985,1410,715191,17462,1132,22361,3767,1634,148798,15953,1403,716527,17699,1142,22234,3774,1631,148822,15975,1405,717131,17989,1129,22185,3767,1630,148785,16007,1441,718865,17927,1121,22101,3766,1623,149044,16051,1439,719897,17822,1115,22059,3753,1630,149173,16050,1454,721828,17652,1111,21994,3759,1626,149346,16061,1435,723198,17488,1112,21875,3764,1633,149168,16059
"충남","계",1849,820408,13232,1159,36422,5495,2285,202347,17092,1851,822325,13145,1170,36364,5489,2288,202685,17127,1836,824201,13142,1163,36366,5481,2291,203138,17143,1831,826150,13069,1157,36316,5466,2278,203297,17136,1825,828354,13598,1161,36272,5480,2282,203665,17168,1847,830060,13542,1157,36140,5477,2286,203351,17199,1886,831239,13518,1162,36013,5494,2285,202761,17275,1896,833189,13430,1166,35863,5469,2294,202587,17367,1891,835957,13390,1162,35818,5446,2309,203101,17402,1897,837285,13353,1160,35838,5428,2336,203611,17413,1908,839507,13262,1170,35757,5445,2349,203647,17440,1892,841220,13223,1174,35528,5421,2355,203032,17502,1899,844309,13195,1198,35475,5404,2375,203185,17524,1906,849144,13196,1202,35384,5402,2369,203513,17579,1862,852716,13201,1208,35396,5363,2373,203998,17660,1853,854085,13121,1233,35319,5360,2372,204185,17702,1873,857101,13100,1238,35193,5362,2375,204164,17715,1875,859010,13195,1224,35090,5341,2370,204055,17802,1896,861599,13426,1226,34911,5330,2357,203868,17845,1910,863739,13471,1227,34773,5331,2347,203683,17909,1914,866497,13299,1232,34721,5314,2347,204266,17927,1924,868927,13306,1228,34682,5332,2348,204578,17930,1920,872228,13309,1227,34619,5360,2361,205135,17980,1924,873756,13406,1229,34266,5347,2358,203837,18037,1929,875064,13382,1234,34068,5356,2372,202816,18045,1932,877432,13411,1230,33955,5343,2359,202660,18126,1940,880089,13486,1241,33911,5338,2364,203235,18228,1944,881519,13423,1237,33741,5342,2366,203323,18346,1955,883144,13428,1239,33673,5333,2379,203670,18410,1958,885345,13381,1236,33577,5327,2373,203689,18464,1973,887595,13409,1259,33505,5333,2378,203923,18530,1988,889050,13789,1283,33414,5339,2375,204113,18569,1967,891618,13774,1312,33334,5326,2387,204757,18611,1957,893645,13867,1295,33266,5315,2383,205393,18646,1937,896784,13615,1291,33203,5323,2383,206039,18742,1941,898876,13678,1290,32978,5320,2380,205979,18790,1945,901036,13636,1292,32905,5297,2371,206057,18860,1921,903551,13646,1299,32851,5288,2369,206189,18925,1935,906568,13777,1282,32788,5294,2381,206730,18955,1941,908505,13749,1281,32696,5339,2392,207430,18975,1938,910866,13808,1281,32579,5316,2396,208053,19022,1960,913270,13647,1283,32535,5276,2395,208652,19047,1973,916747,13554,1325,32500,5277,2399,209044,19032,1978,919182,13436,1314,32416,5304,2408,209225,19056,1985,922740,13428,1323,32408,5306,2407,209892,19103,1987,925807,13834,1340,32352,5302,2408,210644,19120,1992,929502,13730,1322,32252,5309,2424,211883,19219,1995,931859,13909,1312,32051,5321,2430,211721,19264,1998,933894,13787,1321,31780,5309,2431,211710,19329,2027,936595,13670,1328,31593,5318,2441,211688,19402,2010,938738,13605,1330,31477,5276,2438,212117,19431,2003,940351,13643,1324,31391,5271,2439,212233,19431,2012,942710,13586,1339,31304,5257,2443,212336,19482,2014,944714,13497,1340,31208,5238,2456,212884,19469,2018,947366,13542,1336,31120,5255,2459,213252,19501,2047,949297,13449,1336,31039,5246,2461,213418,19562,2059,952650,13536,1332,31038,5258,2455,213811,19637,2068,955196,13529,1329,31046,5237,2456,214300,19602,2078,958627,13453,1335,30977,5230,2454,214801,19590,2094,961197,13450,1314,30768,5225,2470,214387,19604
"전북","계",1643,676615,20177,1199,28358,4315,1962,170729,15065,1655,678145,20127,1219,28266,4298,1967,171065,15111,1651,679238,19933,1229,28148,4283,1963,171143,15104,1652,680643,19910,1219,28138,4288,1963,171497,15120,1651,681876,19769,1223,28069,4282,1962,171106,15144,1666,681597,19631,1236,27837,4270,1963,169487,15175,1718,682806,19452,1251,27713,4257,1974,168947,15200,1758,684714,19313,1276,27698,4244,2005,169050,15171,1758,686196,19267,1273,27712,4234,2007,169717,15221,1764,686826,19093,1252,27740,4241,2023,170137,15232,1774,688374,19065,1256,27645,4233,2056,169853,15214,1731,689948,18914,1258,27452,4226,2060,168817,15215,1739,692471,18632,1294,27382,4234,2065,168775,15217,1758,695370,18614,1324,27329,4214,2085,169059,15250,1764,697178,18451,1316,27327,4195,2074,169465,15290,1743,698008,18391,1326,27264,4184,2068,169453,15298,1746,699824,18404,1328,27186,4180,2079,169568,15298,1737,701233,18276,1323,27152,4164,2067,169711,15302,1749,703447,18129,1320,27126,4170,2065,169835,15317,1749,704687,17888,1324,27031,4165,2056,169624,15378,1734,706141,17744,1320,27014,4156,2052,170191,15376,1736,707795,17542,1320,26983,4136,2063,170462,15383,1769,709765,17327,1319,26981,4123,2072,171124,15394,1767,709946,17079,1319,26736,4118,2079,170026,15412,1760,710199,16970,1324,26531,4112,2071,169418,15450,1773,711484,17058,1303,26422,4122,2068,169446,15529,1771,712993,16826,1307,26417,4114,2067,169894,15603,1769,713936,16657,1310,26342,4106,2070,170029,15637,1768,714559,16486,1305,26280,4077,2066,170109,15654,1780,715566,16370,1313,26208,4069,2066,170170,15666,1824,716926,16265,1315,26162,4063,2065,170525,15699,1844,717237,16280,1348,26078,4071,2075,170473,15739,1843,718750,16179,1353,26016,4053,2082,170992,15725,1849,719847,16003,1353,25951,4047,2085,171341,15705,1843,721517,15988,1338,25889,4024,2083,171772,15781,1822,722592,15958,1330,25698,4026,2076,171567,15860,1801,723396,15808,1332,25605,4008,2079,171652,15872,1800,725027,15601,1348,25578,4001,2114,171771,15878,1824,726424,15434,1358,25524,4000,2126,172244,15949,1817,727473,15345,1349,25473,3983,2126,172755,15963,1825,728700,15260,1355,25411,3978,2136,173193,15914,1836,729828,15178,1376,25345,3988,2147,173467,15939,1853,731720,14951,1361,25295,3995,2170,173683,15967,1902,733153,14936,1359,25246,4013,2165,173709,15972,1905,735236,14785,1371,25198,3998,2179,174240,15989,1906,736859,14495,1371,25191,3988,2177,174884,16054,1915,738992,14331,1361,25125,3968,2173,175966,16141,1918,740228,14211,1352,24939,3963,2171,175996,16147,1865,740809,14040,1362,24679,3957,2184,175396,16154,1879,741997,13945,1369,24524,3978,2187,175413,16180,1884,743335,13792,1379,24438,3980,2205,175652,16222,1885,743492,13854,1398,24308,3984,2206,175669,16278,1885,744556,13887,1399,24271,3974,2212,175886,16226,1887,745113,13818,1384,24230,3977,2218,175887,16190,1895,746752,13771,1392,24087,3948,2232,175798,16187,1926,747567,13663,1395,24039,3961,2235,175818,16199,1933,749229,13624,1396,23998,3963,2245,176161,16242,1940,750499,13492,1389,23986,3964,2246,176366,16226,1929,751873,13377,1388,23894,3965,2246,176407,16291,1921,752220,13315,1384,23667,3959,2250,175896,16324
"전남","계",2092,652878,97395,1483,30908,8188,2390,219075,19797,2095,654361,98070,1512,30871,8169,2406,219530,19828,2091,655948,98261,1533,30841,8105,2389,220287,19872,2087,657055,98718,1511,30813,8032,2381,220716,19938,2088,659184,99190,1522,30787,8012,2374,220852,19981,2117,660349,100293,1519,30728,7956,2374,220567,19966,2172,662234,100334,1525,30643,7953,2406,220061,19999,2128,664639,100233,1535,30536,7879,2417,219867,19997,2089,665693,103284,1534,30520,7877,2413,220288,20029,2097,666452,103033,1534,30506,7838,2452,220627,20054,2108,668285,102886,1538,30366,7767,2460,220577,20069,2137,670407,102099,1540,30315,7679,2458,220925,20077,2142,673094,102710,1554,30285,7646,2470,221374,20080,2172,676270,104277,1582,30292,7713,2473,221992,20166,2179,678785,106032,1593,30282,7772,2473,222588,20179,2166,679708,107719,1614,30170,7756,2482,222423,20160,2189,681661,110880,1596,30044,7756,2493,222612,20185,2164,683562,111333,1591,29983,7737,2485,222783,20228,2176,686072,112129,1594,29962,7721,2454,223065,20266,2159,688393,116487,1598,29905,7759,2428,223291,20258,2155,691135,120351,1594,29895,7798,2427,224115,20275,2151,693183,124271,1590,29899,7808,2423,224740,20323,2145,695410,128363,1581,29773,7765,2428,224807,20310,2145,696185,138190,1583,29513,7682,2437,223519,20313,2155,697362,141364,1590,29382,7720,2459,222808,20368,2166,698651,145575,1595,29319,7830,2482,222948,20379,2169,700381,148574,1596,29250,7829,2500,223185,20394,2173,701354,150256,1596,29226,7804,2503,223494,20440,2173,702266,159100,1612,29129,7982,2496,223718,20499,2182,703555,161432,1609,29084,7964,2490,223791,20536,2226,705206,163097,1652,28971,8053,2519,223808,20551,2226,706251,169875,1701,28836,8076,2513,223857,20667,2218,708230,170240,1707,28760,7913,2502,224523,20690,2218,710135,171285,1688,28704,7894,2497,225150,20759,2180,712192,171413,1681,28620,7812,2487,225586,20813,2185,713772,175549,1657,28418,7920,2483,225489,20794,2192,714911,177887,1659,28278,7942,2498,225266,20767,2214,716179,180840,1664,28213,7973,2524,225274,20778,2269,718287,183823,1670,28163,8023,2555,225986,20767,2258,719808,184960,1674,28085,8145,2568,226367,20797,2253,721340,187084,1666,27995,8284,2583,227005,20806,2259,722828,203142,1664,27943,8299,2593,227447,20869,2262,725143,209806,1663,27885,8606,2596,227852,20904,2295,727240,208640,1677,27840,8555,2594,228312,20939,2277,730338,206706,1678,27788,8439,2606,229137,20925,2279,732800,205379,1682,27772,8365,2619,230100,20998,2258,735728,203455,1681,27741,8420,2625,231099,21001,2285,737332,201827,1689,27562,8400,2635,230763,21006,2335,738444,204030,1670,27423,8518,2659,230782,21010,2364,740200,200008,1672,27348,8390,2668,230974,21009,2341,741321,193804,1681,27288,8411,2672,231420,21036,2338,742028,193499,1709,27197,8317,2682,231466,21052,2354,743166,194527,1705,27083,8333,2683,231679,21076,2355,743844,195473,1709,27008,8357,2698,232169,21031,2330,745730,196567,1715,26949,8287,2718,232687,21014,2333,746993,198140,1712,26896,8253,2712,233087,21078,2391,749201,197616,1712,26851,8085,2715,233661,21152,2334,750671,197700,1705,26807,8016,2709,234071,21163,2352,752681,197566,1703,26760,7933,2712,234391,21182,2358,753866,199035,1699,26575,8077,2720,233911,21207
"경북","계",2572,1041527,14815,1715,42637,5483,2826,290504,23381,2590,1043478,14749,1737,42541,5455,2865,290886,23473,2591,1045456,14669,1735,42485,5429,2905,291339,23487,2592,1047419,14638,1747,42386,5424,2903,291742,23503,2580,1049798,14564,1753,42352,5425,2891,292010,23539,2564,1050777,14517,1727,42238,5426,2877,291325,23594,2618,1052555,14487,1718,42035,5419,2870,290647,23666,2617,1055185,14401,1720,41905,5413,2872,290448,23737,2617,1057704,14425,1717,41899,5439,2888,291305,23787,2632,1058825,14315,1716,41882,5412,2916,291802,23779,2578,1059168,14282,1710,41678,5399,2959,291124,23772,2596,1061204,14181,1718,41614,5368,2973,291367,23769,2599,1063881,14112,1746,41585,5361,2966,291574,23782,2618,1067721,14020,1798,41537,5356,2999,292039,23875,2626,1070480,13989,1805,41474,5424,2991,292543,23881,2597,1071821,13914,1773,41370,5415,2968,292418,23955,2621,1074203,13898,1767,41231,5395,2961,292517,23996,2601,1076747,13870,1766,41126,5380,2948,292822,24043,2592,1079836,13896,1761,41022,5380,2943,293088,24128,2601,1082408,13837,1768,40958,5357,2946,293101,24183,2557,1085962,13779,1758,40858,5363,2933,293701,24203,2565,1088760,13746,1757,40834,5363,2941,293945,24227,2573,1092856,13763,1773,40847,5352,2946,295112,24284,2575,1094239,13659,1771,40524,5345,2944,293268,24282,2576,1095432,13860,1770,40223,5343,2955,291499,24306,2590,1097174,13864,1784,40074,5346,2978,290919,24330,2605,1099345,13857,1785,39959,5330,2983,291581,24452,2605,1100485,13891,1784,39825,5325,2981,291707,24455,2608,1101703,13854,1782,39708,5315,2978,291975,24482,2608,1103490,13787,1779,39598,5310,2969,291931,24530,2649,1105855,13771,1775,39533,5305,2967,292056,24531,2665,1107181,13780,1787,39458,5302,2971,292377,24577,2610,1109754,13742,1801,39400,5316,2960,293343,24590,2610,1111390,13752,1786,39368,5319,2951,294180,24615,2608,1113827,13771,1786,39246,5305,2945,294958,24698,2603,1115641,13765,1767,39084,5311,2932,294937,24700,2622,1116566,13813,1766,38870,5318,2939,294333,24628,2632,1117782,13801,1791,38783,5317,2964,294735,24587,2648,1120179,13786,1791,38734,5315,2990,295556,24576,2655,1121828,13792,1812,38642,5308,2983,296201,24564,2652,1119745,13728,1816,38478,5310,2996,296143,24514,2666,1121939,13748,1799,38363,5310,3005,296843,24483,2688,1124961,13625,1798,38296,5312,3003,297392,24490,2712,1127239,13545,1800,38245,5311,2989,297580,24484,2715,1130769,13541,1803,38195,5308,3007,298445,24494,2715,1133811,13523,1811,38152,5314,2982,299560,24573,2726,1136744,13493,1808,38035,5324,2983,300591,24677,2700,1138809,13649,1805,37850,5316,2996,300171,24722,2730,1140139,13678,1811,37635,5326,3019,299933,24780,2807,1141682,13602,1835,37488,5333,3045,300124,24857,2763,1133747,13477,1796,36993,5320,3013,295615,24888,2755,1134598,13527,1804,36867,5319,3015,295677,24878,2708,1136064,13526,1779,36746,5315,3010,295862,24901,2690,1136615,13508,1767,36639,5318,3042,295950,24900,2689,1138496,13444,1779,36590,5307,3067,296220,24929,2749,1139539,13392,1787,36498,5272,3059,296224,24873,2745,1142089,13344,1790,36438,5230,3060,296793,24921,2763,1144126,13306,1789,36429,5242,3065,297213,24909,2709,1146891,13292,1791,36322,5242,3072,297705,24890,2703,1148249,13315,1774,36098,5251,3078,296745,24890
"경남","계",2420,1299535,45647,1849,46591,7561,2541,265914,24347,2424,1301902,46458,1883,46475,7539,2520,266114,24504,2408,1304738,47358,1893,46384,7524,2513,266358,24562,2410,1306974,47575,1902,46274,7517,2511,266443,24573,2421,1310129,48148,1958,46204,7536,2514,266549,24582,2452,1311183,45877,1975,45933,7560,2497,265318,24656,2482,1313127,46881,1955,45759,7566,2505,264961,24654,2409,1315862,48013,1929,45696,7509,2522,264921,24740,2405,1318906,49049,1915,45707,7530,2526,265581,24760,2421,1320929,50070,1899,45701,7521,2543,266126,24741,2428,1322756,51560,1898,45454,7491,2555,265253,24666,2447,1326267,52812,1897,45305,7468,2569,265284,24660,2448,1329751,53948,1900,45237,7437,2576,265318,24713,2475,1335020,55817,1925,45081,7407,2582,265418,24708,2459,1338624,56184,1933,45040,7339,2571,265593,24762,2451,1339430,56943,1920,44928,7326,2563,265371,24776,2494,1342678,58104,1912,44748,7353,2573,265725,24859,2460,1345295,59706,1899,44547,7317,2573,265392,24887,2487,1348340,61498,1895,44313,7297,2562,265052,24989,2464,1351899,78626,1912,44257,7443,2574,264898,25072,2470,1356223,79520,1910,44197,7427,2586,265529,25124,2463,1360132,80777,1908,44176,7423,2590,266011,25128,2466,1363459,82302,1910,43886,7375,2588,265866,25135,2452,1366044,83346,1900,43445,7369,2595,264642,25146,2453,1368435,83626,1915,43285,7345,2604,264223,25214,2474,1371953,83982,1907,43102,7319,2618,264565,25277,2476,1377422,84603,1911,42959,7304,2623,264812,25332,2476,1378876,84820,1910,42767,7285,2603,264636,25394,2471,1380799,85234,1907,42585,7270,2600,264565,25459,2486,1383605,85498,1899,42430,7274,2597,264423,25541,2508,1386804,85820,1898,42261,7273,2605,264489,25628,2489,1389675,86241,1935,42080,7264,2620,264596,25724,2492,1392549,87373,1936,42033,7276,2626,265303,25813,2485,1394950,87845,1897,41914,7231,2619,266032,25936,2486,1397640,89904,1896,41630,7199,2597,265750,26096,2486,1400474,91310,1892,41362,7175,2601,265362,26141,2489,1403931,92832,1884,41165,7153,2606,265349,26173,2497,1407099,94616,1897,40992,7128,2626,265534,26177,2513,1410569,97982,1925,40844,7094,2637,265853,26196,2515,1414027,98777,1918,40748,7091,2648,266347,26217,2511,1416984,98651,1918,40597,7059,2654,266938,26270,2529,1420383,99531,1917,40497,7047,2668,267620,26330,2543,1426033,102463,1901,40397,7196,2677,267855,26333,2582,1430811,106273,1924,40209,7359,2681,268072,26372,2563,1434825,106058,1930,40143,7336,2686,268619,26420,2547,1438745,105519,1936,40147,7321,2676,269513,26480,2528,1442811,103800,1918,39904,7323,2667,270097,26753,2512,1445494,103421,1917,39586,7307,2686,269576,26864,2542,1449155,105423,1942,39458,7274,2707,269266,26917,2596,1453761,107750,1958,39337,7248,2721,269548,27035,2561,1456867,109547,1948,39201,7250,2725,269843,27067,2558,1458364,110008,1952,39018,7244,2721,269571,27084,2560,1460686,110089,1933,38865,7218,2730,269437,27171,2567,1463802,110957,1949,38743,7214,2737,269570,27199,2557,1467927,112599,1940,38639,7190,2721,269771,27287,2579,1469869,113154,1939,38571,7174,2706,269619,27405,2619,1473098,113069,1939,38543,7164,2704,269956,27550,2581,1475671,114075,1919,38527,7116,2692,270539,27546,2586,1479099,114978,1924,38302,7122,2703,270777,27555,2624,1480782,115089,1923,38029,7149,2744,269953,27456
"제주","계",836,280910,186401,416,12030,7704,994,75720,3507,842,281540,190147,420,11968,7714,1009,75861,3522,842,281176,195351,455,11887,7735,1022,75955,3535,851,281183,199133,455,11871,7761,1025,76055,3553,837,280815,202161,454,11750,7703,1036,75586,3580,838,280370,205888,463,11693,7679,1033,75389,3614,857,280207,210231,459,11654,7741,1037,75400,3631,859,280041,214154,455,11600,7696,1034,75378,3640,855,279574,218430,451,11544,7752,1035,75288,3646,852,279980,220127,448,11506,7700,1033,75465,3651,851,283225,221972,448,11478,7615,1035,75706,3639,859,283971,210963,454,11412,7307,1034,75544,3653,859,285407,214455,470,11377,7295,1039,75600,3646,862,286887,217738,481,11363,7291,1042,75672,3662,855,288186,222102,483,11333,7301,1041,75989,3652,846,289014,224468,480,11334,7307,1036,76332,3661,853,290221,227611,491,11313,7337,1037,76621,3673,851,290887,230436,497,11265,7327,1041,76637,3701,847,291906,233125,492,11195,7357,1038,76743,3702,845,293193,219455,487,11179,7178,1035,76857,3696,845,294063,221154,489,11151,7109,1036,76975,3699,848,294719,223776,489,11152,7082,1042,77197,3704,830,295871,227095,487,11159,7028,1027,77689,3700,831,296352,231037,482,11027,6960,1032,76994,3689,828,297339,233954,488,10994,6942,1032,76635,3689,830,298929,237028,487,10981,6938,1023,76662,3708,833,300557,239895,487,10982,6990,1021,77103,3744,832,301493,241477,488,10982,6964,1020,77318,3750,833,302320,243243,489,10971,6929,1024,77607,3758,831,303532,244730,487,10933,6928,1022,77722,3764,842,304918,246791,487,10949,6918,1021,78056,3763,849,305984,248544,489,10948,6857,1013,78389,3786,845,306873,250736,492,10931,6820,1015,78714,3804,842,307805,252130,486,10912,6803,1015,79518,3798,824,308953,253864,481,10844,6777,1013,80171,3867,826,310301,256184,479,10838,6764,1005,80516,3905,825,311362,258242,481,10765,6753,1001,80397,3904,826,311987,258972,488,10720,6720,1002,80232,3910,830,313176,260586,500,10701,6703,1011,80542,3900,830,314393,261628,493,10706,6729,1012,80961,3906,826,315548,261860,490,10708,6700,1010,81480,3915,829,316454,262695,489,10628,6697,1010,81870,3944,825,317608,263559,489,10596,6722,1002,82565,3955,827,318293,263211,491,10593,6679,1004,82884,3966,821,318984,264065,494,10573,6671,1002,83064,3965,820,319924,264582,497,10548,6667,1010,83657,4004,816,320771,264795,497,10518,6655,1011,84076,4091,814,321446,265375,497,10512,6723,1011,84063,4100,825,321951,265829,495,10457,6728,1010,84226,4099,833,321826,265895,499,10412,6723,1015,83483,4114,857,322368,266849,495,10364,6714,1034,83567,4105,846,322631,266928,499,10317,6708,1032,83541,4119,848,323200,268225,500,10285,6698,1038,83740,4117,848,323839,268466,495,10262,6615,1035,83996,4101,841,324780,268049,495,10249,6549,1037,84256,4167,842,325588,267709,491,10237,6511,1039,84493,4189,856,326019,267314,491,10213,6496,1036,84640,4213,867,326653,266420,489,10190,6485,1033,84736,4208,878,327401,266865,490,10139,6501,1032,84695,4217,876,327927,268350,490,10077,6526,1036,84682,4209
